comment,cleaned,sentiment
Ya kb launch ho rhy hn new arrivals,ya kb launch ho rhy hn new arrivals,positive
Is it available online....?,available online,positive
❤️,,neutral
Price plz,price plz,neutral
Any upcoming sale?,upcoming sale,neutral
Website pr show nahi ho raha kindly update your website,website pr show nahi ho raha kindly update website,positive
Price plz,price plz,neutral
Website py to nh mil raha ye,website py nh mil raha ye,neutral
Price please?,price please,neutral
Price plz,price plz,neutral
Price plz,price plz,neutral
Stiched ki sale b ha,stiched ki sale b ha,neutral
Ye website py show nae ho raha,ye website py show nae ho raha,neutral
Prize,prize,neutral
Link plz,link plz,neutral
Volume 2,volume,neutral
How much price,much price,positive
Rates buht increase kr diye hn,rates buht increase kr diye hn,neutral
Looks so elegant 😍😍,looks elegant,positive
Price,price,neutral
Please update your website,please update website,neutral
Pp,pp,neutral
Price?,price,neutral
Prize,prize,neutral
Hi I can’t find this,hi cant find,neutral
Price,price,neutral
Pp,pp,neutral
Pp this article,pp article,neutral
Price,price,neutral
Price,price,neutral
Yi nhi mil rhaa online store py plz help me😢,yi nhi mil rhaa online store py plz help,neutral
this article is not available on website,article available website,positive
Price this article,price article,neutral
Apk page pr nhi araha,apk page pr nhi araha,neutral
Pp,pp,neutral
Me nee le hai yhi sott bahott payarii hai,nee le hai yhi sott bahott payarii hai,neutral
Pp,pp,neutral
Price,price,neutral
😍,,neutral
Please dm the link,please dm link,neutral
Fazol sale hai,fazol sale hai,neutral
Not available?,available,positive
Ye dress to show he nii ho rha??,ye dress show nii ho rha,neutral
Can you please send me the direct link of this dress??,please send direct link dress,neutral
Mera kehny ka matlb ye hai k sapphire ka jaha bhe dukan ho masla Hal Karna chahiye ... Ye helpline ka q kehty hai,mera kehny ka matlb ye hai k sapphire ka jaha bhe dukan ho masla hal karna chahiye ye helpline ka q kehty hai,neutral
"Bht afsos se kehna parh Raha hai""zoyakhaan1991",bht afsos se kehna parh raha haizoyakhaan,neutral
💚💚💚💚💚💚,,neutral
❤️,,neutral
Price,price,neutral
Price,price,neutral
👏👏,,neutral
❤️,,neutral
Awesome 👍😍😍,awesome,positive
Prices,prices,neutral
Pp,pp,neutral
Price,price,neutral
Price,price,neutral
price,price,neutral
Price,price,neutral
Price please,price please,neutral
Price,price,neutral
Beautiful,beautiful,positive
Price??,price,neutral
Price,price,neutral
Price,price,neutral
P.p,pp,neutral
Pp,pp,neutral
Price,price,neutral
Price,price,neutral
Price please,price please,neutral
Price,price,neutral
Price,price,neutral
price,price,neutral
Price,price,neutral
Price,price,neutral
Pp,pp,neutral
Price,price,neutral
Price,price,neutral
😢 price please,price please,neutral
Price?,price,neutral
Price,price,neutral
Price,price,neutral
❤️❤️❤️,,neutral
Price,price,neutral
Nice price plz,nice price plz,positive
Price,price,neutral
Price kya h,price kya h,neutral
Pp,pp,neutral
?,,neutral
"Amazing 😍""roykazam",amazing roykazam,positive
Correct code????,correct code,neutral
12k ka suit ?,k ka suit,neutral
Price,price,neutral
Price please,price please,neutral
Couldn't find this article on website. Kindly share link here !,couldnt find article website kindly share link,positive
Priceeee,priceeee,neutral
Link,link,neutral
Online available ha,online available ha,positive
😮,,neutral
Is it available ? Because it can't be open on website plzzz share ka link 🖇️ of this dress,available cant open website plzzz share ka link dress,positive
Plz restock,plz restock,neutral
price,price,neutral
I need help to purchase it,need help purchase,neutral
Price,price,neutral
Price,price,neutral
Ye toh eid 1 collection ka suit hai new kaise ?,ye toh eid collection ka suit hai new kaise,positive
Product code is wrong,product code wrong,negative
Price,price,neutral
Price,price,neutral
Price z,price z,neutral
Pp,pp,neutral
Price,price,neutral
Price,price,neutral
Price,price,neutral
wrong code,wrong code,negative
Price,price,neutral
Price?,price,neutral
Is this article can be restocke?,article restocke,neutral
Prize,prize,neutral
Sapphire page p yeh dress show Nahi ho Raha ?,sapphire page p yeh dress show nahi ho raha,neutral
How can I purchase it,purchase,neutral
price,price,neutral
pls send the link,pls send link,neutral
Pp,pp,neutral
Is this article can be restock ot not,article restock ot,neutral
Pp,pp,neutral
Pp,pp,neutral
I wish I could buy this. I'm late. Plz restock again this article 😢,wish could buy im late plz restock article,negative
Plzz restock it,plzz restock,neutral
Link??,link,neutral
Link plz,link plz,neutral
"is this dress available in pakistam as well , I could only find it on website of global sapphire",dress available pakistam well could find website global sapphire,positive
Ye article tw page pr kahi b nhi h ??,ye article tw page pr kahi b nhi h,neutral
Price plz,price plz,neutral
Share the link of this dress....,share link dress,neutral
Price,price,neutral
Price,price,neutral
What price,price,neutral
Price,price,neutral
Link?,link,neutral
This suit is not available on web,suit available web,positive
Please give the right code,please give right code,positive
Link plzzz,link plzzz,neutral
I can't find this dress online??the code is also not working,cant find dress onlinethe code also working,neutral
Ye article show he ni ho rha website py....please  share the link,ye article show ni ho rha website pyplease share link,neutral
I want to purchase but code is incorrect,want purchase code incorrect,neutral
Couldn't find this one on site,couldnt find one site,neutral
Link pls,link pls,neutral
Nice 😎 price,nice price,positive
Price,price,neutral
link plz,link plz,neutral
Price,price,neutral
Beautiful 😍,beautiful,positive
This suit is not available on web.,suit available web,positive
Price pz,price pz,neutral
Mujy to nae mil raha ye suit,mujy nae mil raha ye suit,neutral
Link pls,link pls,neutral
Why code is not working... Plz update or send new,code working plz update send new,positive
Link plz,link plz,neutral
This still isn’t available on your website,still isnt available website,positive
Link plzzz,link plzzz,neutral
link plz,link plz,neutral
Pp,pp,neutral
Price,price,neutral
"Not available,??",available,positive
Kindly share the link of this dress,kindly share link dress,positive
Price,price,neutral
Baji Baki kamezz kider Hy???,baji baki kamezz kider hy,neutral
This suit is not available on website,suit available website,positive
Site pe ni show ho Raha,site pe ni show ho raha,neutral
Pakistan mein delivery Wala koi aption ni hai,pakistan mein delivery wala koi aption ni hai,neutral
I want this u can help plz,want u help plz,neutral
Couldn't find on website,couldnt find website,neutral
Available ?,available,positive
Is t,,neutral
11k for this three piece??? Seriously?????,k three piece seriously,negative
😂shirt ziyada lambi ni c di,shirt ziyada lambi ni c di,neutral
Link plz???,link plz,neutral
Sara fabric selves main zaya kr diya,sara fabric selves main zaya kr diya,positive
Link.plz,linkplz,neutral
Price,price,neutral
😍,,neutral
Pretty but not showing on website after searching product code,pretty showing website searching product code,positive
Price plz,price plz,neutral
Tshirt hi pehna do shalwar pe 🙄,tshirt hi pehna shalwar pe,neutral
Code,code,neutral
Price,price,neutral
5k,k,neutral
Price,price,neutral
Price,price,neutral
Price?,price,neutral
Pretty,pretty,positive
Outstanding,outstanding,positive
Price,price,neutral
Price,price,neutral
Price please,price please,neutral
Price plz,price plz,neutral
Available?,available,positive
Product code?,product code,neutral
Itni long shirt!!!!,itni long shirt,neutral
Price,price,neutral
Itni short shirt isn't looking nice.,itni short shirt isnt looking nice,positive
Not showing on site,showing site,neutral
I didn't find it plz link bhi sath may mentioned k,didnt find plz link bhi sath may mentioned k,neutral
Is ke price 5000 hai meny buy kia hai bhtttt zabrdasttt lgta hai phena huwa,ke price hai meny buy kia hai bhtttt zabrdasttt lgta hai phena huwa,neutral
Yeh abhi ayaa nii suit ??,yeh abhi ayaa nii suit,neutral
Show nahi ho rha yeh article,show nahi ho rha yeh article,neutral
Price,price,neutral
Don't find on website... kindly share it link,dont find website kindly share link,positive
pp,pp,neutral
Please send me the link to this product,please send link product,neutral
Price,price,neutral
🙌,,neutral
❤️,,neutral
Pp,pp,neutral
price,price,neutral
Price,price,neutral
Price,price,neutral
Price,price,neutral
Price please 😍,price please,neutral
Mujy ye dress nahi mill rha website py es code py koi dosra dress a rha he,mujy ye dress nahi mill rha website py es code py koi dosra dress rha,neutral
Ya tuo page pa nahi hai,ya tuo page pa nahi hai,neutral
Pp,pp,neutral
Price montion kre,price montion kre,neutral
I can't find this product on website,cant find product website,neutral
Price plz,price plz,neutral
Price plz? And give link this article is not available at website,price plz give link article available website,positive
Price,price,neutral
This article is available on international website but not available on Pakistani website,article available international website available pakistani website,positive
This article is not showing in website how we can get it,article showing website get,neutral
I can't find this,cant find,neutral
This is for 12k,k,neutral
Is it available?,available,positive
price,price,neutral
Link?,link,neutral
Pp,pp,neutral
Price,price,neutral
Price,price,neutral
Price,price,neutral
Pp,pp,neutral
Aur pp 11124 show ho rahi hai,aur pp show ho rahi hai,neutral
Why this article is not show on website,article show website,neutral
Prize,prize,neutral
What's the product code??,whats product code,neutral
Plz send me this link?,plz send link,neutral
Price,price,neutral
Pp,pp,neutral
Discount kb tk lgni h ap ki ?,discount kb tk lgni h ap ki,neutral
This article is not on website i tried so many times.,article website tried many times,positive
Price,price,neutral
Link please this dress...,link please dress,neutral
Still not available on your website.,still available website,positive
Pp,pp,neutral
I wear this dress on eid and it was so comfortable ❤️ I really love it,wear dress eid comfortable really love,positive
Price,price,neutral
Link,link,neutral
Price plx,price plx,neutral
Pp,pp,neutral
Koei search ni hota ye DM mey jaa k bhi ullo bnaya hua hay awaam ko... Jab aap k paas website hay to us py Kun ni lgaaye design's,koei search ni hota ye dm mey jaa k bhi ullo bnaya hua hay awaam ko jab aap k paas website hay us py kun ni lgaaye designs,neutral
Price please,price please,neutral
Wow 😍😍,wow,neutral
It's too expensive 😫 11240,expensive,negative
Price ?,price,neutral
Link please,link please,neutral
Pp,pp,neutral
When is your next sale,next sale,neutral
Price,price,neutral
Price,price,neutral
Pp,pp,neutral
Link plzzzz share karay,link plzzzz share karay,neutral
Price plzz,price plzz,neutral
sale kb lgy gi,sale kb lgy gi,neutral
Pp,pp,neutral
Correct code btayn,correct code btayn,neutral
Iska code wrong h kya ye dress n h website l,iska code wrong h kya ye dress n h website l,negative
This is not available on site.when it will be,available sitewhen,positive
Price,price,neutral
pp,pp,neutral
it's not available in your website please I want to this,available website please want,positive
Yeh suit kab show hoga,yeh suit kab show hoga,neutral
nice color,nice color,positive
Prize,prize,neutral
P p,p p,neutral
Link plz,link plz,neutral
Price,price,neutral
Price plz,price plz,neutral
Price,price,neutral
Link plz,link plz,neutral
Link plzz share krden,link plzz share krden,neutral
Prize,prize,neutral
Eknkam Karo puchna Tha K qameez next year pehny gy fashion K mutabeq ya nahi.bagerat pori qameez hi utar phankoo,eknkam karo puchna tha k qameez next year pehny gy fashion k mutabeq ya nahibagerat pori qameez hi utar phankoo,neutral
link plz,link plz,neutral
I dont know why the price on web is 12k for the same dress.,dont know price web k dress,neutral
Sale mn price kitni h suit ki,sale mn price kitni h suit ki,neutral
Not available on website,available website,positive
P,p,neutral
Link plz,link plz,neutral
Link,link,neutral
This article is not available on website.,article available website,positive
Price,price,neutral
Price,price,neutral
Pp,pp,neutral
When this article will be available ?,article available,positive
G Kesy mangwa skaty hy,g kesy mangwa skaty hy,neutral
I want to buy but i don't know kis k liya buy karo,want buy dont know kis k liya buy karo,neutral
"Price ?""mrs_farhan780",price mrsfarhan,neutral
Ooo my dress 👗 😍 eid py wore kia,ooo dress eid py wore kia,neutral
Price plz,price plz,neutral
Kia price hai,kia price hai,neutral
Rate,rate,neutral
Available?,available,positive
Website py yh dress q show nhi ho Raha,website py yh dress q show nhi ho raha,neutral
How much price,much price,positive
I buy this dress but did not understand two organza patches ? Konsa patch kidhr ka ha,buy dress understand two organza patches konsa patch kidhr ka ha,neutral
Price,price,neutral
Price plz,price plz,neutral
Price plz,price plz,neutral
Give the link of this dress,give link dress,neutral
Price Kay hy as sout ke,price kay hy sout ke,neutral
Price plz,price plz,neutral
Price,price,neutral
Price??,price,neutral
Ye Nhi nikal raha,ye nhi nikal raha,neutral
Kindly send me a dm for this dress,kindly send dm dress,positive
Please price,please price,neutral
Price,price,neutral
Price plz,price plz,neutral
Available h?,available h,positive
Price,price,neutral
Could not find this dress anywhere on the website,could find dress anywhere website,neutral
Price,price,neutral
Price,price,neutral
Price,price,neutral
Please restocked this dress,please restocked dress,neutral
I want this,want,neutral
this dress code is'nt found,dress code isnt found,neutral
Pp,pp,neutral
Plz link dyn dress ka didn't find,plz link dyn dress ka didnt find,neutral
Prize plz,prize plz,neutral
Kindly sent me the link of this dress,kindly sent link dress,positive
Price,price,neutral
Price,price,neutral
Ye dress website pe nhi show ho raha,ye dress website pe nhi show ho raha,neutral
Plz send me direct link,plz send direct link,neutral
Plz esko apni www.pk pr upload krien,plz esko apni wwwpk pr upload krien,neutral
Price,price,neutral
mujy to ni nazar aye website py,mujy ni nazar aye website py,neutral
Price,price,neutral
Can not find on website,find website,neutral
Price,price,neutral
i can't find this dress,cant find dress,neutral
Kindly send me the link for this dress,kindly send link dress,positive
Please  dm me the link of this article,please dm link article,neutral
Price please?,price please,neutral
Can’t see this on website it’s only avb for international customers,cant see website avb international customers,neutral
Price?,price,neutral
price plzzzzzz,price plzzzzzz,neutral
Price,price,neutral
price,price,neutral
Price plz,price plz,neutral
Price,price,neutral
Price,price,neutral
Price,price,neutral
Can't see on website,cant see website,neutral
Can't see this article on website,cant see article website,neutral
Pp,pp,neutral
Can you plz give link for this dress,plz give link dress,neutral
Price,price,neutral
Cant see on website plz dm,cant see website plz dm,neutral
Website pe show nhi ho rha ye dress please share link,website pe show nhi ho rha ye dress please share link,neutral
It's price,price,neutral
Not there,,neutral
Price,price,neutral
Pp,pp,neutral
Cant see on website please DM,cant see website please dm,neutral
Pp,pp,neutral
Nice,nice,positive
Can't see on website,cant see website,neutral
How to chk this Article on website there is no link,chk article website link,neutral
Very beautiful ❤️,beautiful,positive
Price,price,neutral
cant see this on website,cant see website,neutral
Price?,price,neutral
price,price,neutral
Why publicize if not available,publicize available,positive
Price,price,neutral
Price plz,price plz,neutral
Sale kb lgy gi,sale kb lgy gi,neutral
Too much expensive 😮😮😮,much expensive,negative
Price,price,neutral
Globle website pr ye sb suits 2ble price pr hy,globle website pr ye sb suits ble price pr hy,neutral
This is My Eid dress ❤️,eid dress,neutral
😂😍,,neutral
Jrpht,jrpht,neutral
Priz,priz,neutral
Price,price,neutral
Price,price,neutral
Price,price,neutral
Price,price,neutral
Plz send me the link of this dress,plz send link dress,neutral
Kindly send me link of this article,kindly send link article,positive
Plx,plx,neutral
Mujhy pasandh ha,mujhy pasandh ha,neutral
😍,,neutral
"I had ordered a parcel from the sale products, but I haven’t received it yet. Please let me know when I will receive the parcel ....",ordered parcel sale products havent received yet please let know receive parcel,neutral
Pp,pp,neutral
Price,price,neutral
Price,price,neutral
Price,price,neutral
"Available?""jasmine.romi.3",availablejasmineromi,neutral
💚💚💚,,neutral
So nice ❤️,nice,positive
Cute 😍,cute,positive
"rabia is love and love this outfit, sapphire is best brand..❤️🔥",rabia love love outfit sapphire best brand,positive
Excellent,excellent,positive
👏👏👏👏👏👏👏,,neutral
Beautiful lady with stunning dress,beautiful lady stunning dress,positive
Elegant and most beautiful😍😍,elegant beautiful,positive
Beautiful 😍,beautiful,positive
"I like her voice, the way she talks,laugh...cute. MashaAllah",like voice way talkslaughcute mashaallah,neutral
❤️❤️❤️,,neutral
Price,price,neutral
Price plzz,price plzz,neutral
She's so pretty,shes pretty,positive
Rabia beautiful pic Mashallah Blessed ❤️,rabia beautiful pic mashallah blessed,positive
So good 😍😍❤️,good,positive
Price,price,neutral
Price kaya hy,price kaya hy,neutral
Price,price,neutral
Price,price,neutral
how much price??,much price,positive
Price ?,price,neutral
Price,price,neutral
Mjhy q lg rha hy sapphire is copying Ethnic,mjhy q lg rha hy sapphire copying ethnic,neutral
Pp for whole dress,pp whole dress,positive
I like her👍,like,neutral
Hi,hi,neutral
She’s cute ☺️,shes cute,positive
Pp,pp,neutral
"So Nice 💛 Beautiful waooo😍""couplesmoans69",nice beautiful waooocouplesmoans,positive
Price?,price,neutral
😍,,neutral
Price,price,neutral
Ya available ha abi store main pliz bta dain,ya available ha abi store main pliz bta dain,positive
Price ka ha,price ka ha,neutral
Price,price,neutral
Gave me plz article shop on par ni mila,gave plz article shop par ni mila,neutral
Priceplz,priceplz,neutral
Price ?,price,neutral
Kindly check your inbox,kindly check inbox,positive
Price,price,neutral
Price,price,neutral
Pretty✨,pretty,positive
Chand raat Mubarak guyz🔥🙌,chand raat mubarak guyz,neutral
Pp,pp,neutral
Price,price,neutral
Price,price,neutral
Price,price,neutral
Pp,pp,neutral
Is this available,available,positive
Is it available???,available,positive
Is this dress available??,dress available,positive
Price?,price,neutral
Is it available,available,positive
Plz restock it,plz restock,neutral
Price,price,neutral
Price,price,neutral
"❤""coolgirl_576",coolgirl,neutral
Link pls,link pls,neutral
this artical is not available on website ?,artical available website,positive
Price?,price,neutral
Ye website py hay e ni,ye website py hay e ni,neutral
I thought it would be around 5k but this season collection is supper expensive,thought would around k season collection supper expensive,negative
Price plz?,price plz,neutral
Ya to website pa nai hain?,ya website pa nai hain,neutral
price plz?,price plz,neutral
Link-??,link,neutral
Price,price,neutral
Or kase mile ga,kase mile ga,neutral
Its not available in website,available website,positive
Ye dres hy,ye dres hy,neutral
Plzzz link,plzzz link,neutral
Link plz,link plz,neutral
It's not available on the website,available website,positive
Price,price,neutral
ye tu hai e ni,ye tu hai e ni,neutral
Not available on website,available website,positive
Website py available nai hai,website py available nai hai,positive
Not available on website,available website,positive
Prices kitne,prices kitne,neutral
Available? Link plz,available link plz,positive
Link,link,neutral
Link plz,link plz,neutral
price,price,neutral
Link??,link,neutral
price,price,neutral
I can’t find this article on your website,cant find article website,neutral
This dress is not available on website,dress available website,positive
Price please,price please,neutral
This dress is not available on website?,dress available website,positive
Not available on website,available website,positive
Price?,price,neutral
Pp,pp,neutral
It's not available anywhere,available anywhere,positive
Pp,pp,neutral
Price plz?,price plz,neutral
Price?,price,neutral
Price,price,neutral
Price,price,neutral
❤️,,neutral
I didn't found this article o website,didnt found article website,neutral
Pp,pp,neutral
Not on website,website,neutral
Pp?,pp,neutral
Its not available in website,available website,positive
Price,price,neutral
Pp,pp,neutral
Uuuff🔥🔥,uuuff,neutral
Website pe show nai horha,website pe show nai horha,neutral
Price,price,neutral
Price,price,neutral
"😍""shuaibmazhar125",shuaibmazhar,neutral
Price,price,neutral
Price,price,neutral
Price,price,neutral
Price,price,neutral
4200 ka h ye,ka h ye,neutral
Fabric !?,fabric,neutral
Price plz,price plz,neutral
plz restock eid collection,plz restock eid collection,neutral
Price plz,price plz,neutral
Price,price,neutral
Price?,price,neutral
Model is very beautiful lady.The dress actually is nothing but nowIt costs too much,model beautiful ladythe dress actually nothing nowit costs much,positive
Price,price,neutral
Price please,price please,neutral
Price,price,neutral
Pp,pp,neutral
Why are you not mention the price?,mention price,neutral
Price,price,neutral
Price,price,neutral
it will be include in todays starting sale ???,include todays starting sale,neutral
Price plz?,price plz,neutral
Prize,prize,neutral
pric to likh dya kren,pric likh dya kren,neutral
Price,price,neutral
Pp,pp,neutral
"Pp""zunimanz01",ppzunimanz,neutral
❤️,,neutral
price,price,neutral
Price plz,price plz,neutral
Your design are always stunning 👍👍👍,design always stunning,positive
Prixe,prixe,neutral
❤️❤️❤️❤️❤️❤️❤️❤️❤️❤️❤️❤️,,neutral
Price plz,price plz,neutral
Price plz,price plz,neutral
price plz,price plz,neutral
Price,price,neutral
price??,price,neutral
Price,price,neutral
Price,price,neutral
"Kindly make medium tones dresses too. Either colours are white, off white or so light (like aqua etc) they after even hand wash they look so dull. Or either they are red/ maroon, orange or black. There are sooo beautiful colours & their shades that would look so nice in summers. Sea green (light/ dark & grapes colour), mauve, purple, beige, grey, pink, blue & their different combination. These can look so nice. Sometimes one colour is available in different designs of same volume & so many colours are missing. Pls consider",kindly make medium tones dresses either colours white white light like aqua etc even hand wash look dull either red maroon orange black sooo beautiful colours shades would look nice summers sea green light dark grapes colour mauve purple beige grey pink blue different combination look nice sometimes one colour available different designs volume many colours missing pls consider,positive
Price,price,neutral
Price,price,neutral
Price,price,neutral
Price?,price,neutral
Pp plz,pp plz,neutral
Price,price,neutral
Kese oder kro,kese oder kro,neutral
Price,price,neutral
Price,price,neutral
Price,price,neutral
Muje ye chae,muje ye chae,neutral
Beautiful ❤️,beautiful,positive
Price?,price,neutral
Pp,pp,neutral
Price,price,neutral
Price,price,neutral
Price,price,neutral
Please let me know the price,please let know price,neutral
Ppp,ppp,neutral
Why my ordwr is not even dispatched yet ?,ordwr even dispatched yet,neutral
Price?,price,neutral
Pp,pp,neutral
Pp,pp,neutral
Pp,pp,neutral
Pp,pp,neutral
Pp,pp,neutral
Pp,pp,neutral
Beautiful colour combination ❤️❤️❤️❤️❤️,beautiful colour combination,positive
Price,price,neutral
pp plz,pp plz,neutral
Pp,pp,neutral
Pp,pp,neutral
Why not share the catalogue,share catalogue,neutral
Why catalogue not showing,catalogue showing,neutral
Sapphirepakistn reply daun plz,sapphirepakistn reply daun plz,neutral
Nice,nice,positive
💥🥰,,neutral
❤️❤️❤️❤️,,neutral
Y show ku ni ho ra dress,show ku ni ho ra dress,neutral
Is bar catalog kyu nae diya pehle,bar catalog kyu nae diya pehle,neutral
Share catalog please,share catalog please,neutral
Is the catalogue available?,catalogue available,positive
Catalogue,catalogue,neutral
😍❤️❤️,,neutral
😍😍😍😍😍😍,,neutral
Kindly post the catalogue,kindly post catalogue,positive
Price,price,neutral
Pp,pp,neutral
Price,price,neutral
Pp,pp,neutral
Price,price,neutral
Price of this dress,price dress,neutral
price,price,neutral
Pp??,pp,neutral
Pp,pp,neutral
Price,price,neutral
Oprice,oprice,neutral
Price,price,neutral
Price 😻,price,neutral
Price,price,neutral
Pp,pp,neutral
Pp,pp,neutral
🔥🔥🔥,,neutral
Cherish the moments 💜😍,cherish moments,neutral
Highlights dakhi kaisi lgi guy's,highlights dakhi kaisi lgi guys,neutral
😍😍😍🔥,,neutral
❤️,,neutral
🔥🔥🔥🔥🔥,,neutral
😍❤️,,neutral
Want to oder,want oder,neutral
Price,price,neutral
Beautiful ❤️,beautiful,positive
Beautiful,beautiful,positive
Wow2025 first time 🔥🔥🔥🔥🔥🔥,wow first time,positive
❤️❤️,,neutral
Bqwas brand,bqwas brand,neutral
❤️,,neutral
Price,price,neutral
"Your stuff ,design are stunning 🔥",stuff design stunning,positive
Nice 👍,nice,positive
Price plz,price plz,neutral
Pp,pp,neutral
Pric,pric,neutral
Price plz,price plz,neutral
Pp,pp,neutral
Price,price,neutral
Price,price,neutral
Price,price,neutral
"price""shumaizasehr258258",priceshumaizasehr,neutral
Price,price,neutral
Please share catalogue of this collection ❤️,please share catalogue collection,neutral
❤️❤️,,neutral
Beautiful,beautiful,positive
😍❤️,,neutral
Catalogue?,catalogue,neutral
Price plz?,price plz,neutral
❤️,,neutral
stitch kub aega,stitch kub aega,neutral
👍🏻💖,,neutral
Price,price,neutral
Plz take patriotic celebrities as models in ur campaigns.,plz take patriotic celebrities models ur campaigns,neutral
❤️😍,,neutral
oh my god such a beautiful dress price plz,oh god beautiful dress price plz,positive
Price,price,neutral
Fabric and price ?,fabric price,neutral
Price?,price,neutral
Price,price,neutral
Price,price,neutral
Catalogue?,catalogue,neutral
Price,price,neutral
Pp,pp,neutral
Abi tak parcel ni mila,abi tak parcel ni mila,neutral
Saphhire on itss besttt,saphhire itss besttt,neutral
Price,price,neutral
Pp,pp,neutral
Price?,price,neutral
Price?,price,neutral
Price,price,neutral
Pp,pp,neutral
Price please,price please,neutral
Pp,pp,neutral
Can u plz send the catalog I tried on WhatsApp but didn't get any response,u plz send catalog tried whatsapp didnt get response,neutral
Pp??,pp,neutral
P,p,neutral
Pp,pp,neutral
Pp,pp,neutral
pp,pp,neutral
Price pls,price pls,neutral
Price,price,neutral
Price?,price,neutral
Price plz,price plz,neutral
Mashallah so beautiful ayeza khan ❤️❤️,mashallah beautiful ayeza khan,positive
🔥😍,,neutral
❤️❤️❤️❤️❤️❤️❤️❤️❤️❤️,,neutral
why sapphire not taking bills from australia ?,sapphire taking bills australia,neutral
pp,pp,neutral
Wao,wao,neutral
😍😍,,neutral
Stunning 😍,stunning,positive
Price,price,neutral
What a beautiful,beautiful,positive
Yh to nae tha website pe,yh nae tha website pe,neutral
❤️😍,,neutral
Stunning😍😍😍😍,stunning,positive
Price???,price,neutral
Ya lawn suit hai?,ya lawn suit hai,neutral
Pp,pp,neutral
Price,price,neutral
Pp,pp,neutral
Pp,pp,neutral
Sapphire k sale Waly orders deliver Q ni hu rahy abi tak .so poor customer service from sapphire na reply karty na call attend,sapphire k sale waly orders deliver q ni hu rahy abi tak poor customer service sapphire na reply karty na call attend,negative
Woww price plss,woww price plss,neutral
Waow,waow,neutral
Good one,good one,positive
❤️❤️,,neutral
Catalogue,catalogue,neutral
OMG 🔥🔥🔥,omg,neutral
🔥🔥,,neutral
I love her eyes more than this dress😍,love eyes dress,positive
Check dm please,check dm please,neutral
Beautiful,beautiful,positive
Nice,nice,positive
💚💚💚💚💚,,neutral
Awww 🥰 i just love with this dress can’t wait 😜,awww love dress cant wait,positive
Kitna fazool print hai,kitna fazool print hai,neutral
Kindly respond to dms .. very bad customer care service,kindly respond dms bad customer care service,neutral
Kindliy reply kar diya kare,kindliy reply kar diya kare,neutral
Btttt hania amir wali collection ki trha outstanding nhi ha,btttt hania amir wali collection ki trha outstanding nhi ha,positive
She the beauty ❤️,beauty,neutral
Miss Perfectionist  ❤️❤️ 👑 😇 😘,miss perfectionist,neutral
Naic🔥🔥🔥,naic,neutral
😍,,neutral
Loving ayeza khan in this campaign ❤️😍,loving ayeza khan campaign,positive
Arey waaah ❤️,arey waaah,neutral
Woww💗✨️,woww,neutral
She is such a diva 💅🫠,diva,neutral
Waiting to ordr plz jaldi kre ❤️,waiting ordr plz jaldi kre,neutral
Dnt lyk her.hypocrte,dnt lyk herhypocrte,neutral
"Pp?""__cuterumii__",ppcuterumii,neutral
❤️❤️❤️❤️❤️❤️,,neutral
Waitingggg waitiingggg😍,waitingggg waitiingggg,neutral
Catalogue?,catalogue,neutral
Bht pyari collection h mgr doohty voil hu tb😢,bht pyari collection h mgr doohty voil hu tb,neutral
Waiting waiting❤️,waiting waiting,neutral
❤️❤️❤️❤️❤️❤️❤️❤️❤️❤️❤️,,neutral
Beautiful collection❤️ but please no chiffon & silk doppata,beautiful collection please chiffon silk doppata,positive
Mera purple 💜 or green 💚 or red ♥️ psnd bs yahi chehy,mera purple green red psnd bs yahi chehy,neutral
Hania was amazing though,hania amazing though,positive
Online voil dophta plzzzz,online voil dophta plzzzz,neutral
Ya Allah 😩😩😩😩,ya allah,neutral
Wow,wow,neutral
The prints are beautiful and I love the song choice!!!  killed it mA!! 👏🔥,prints beautiful love song choice killed,positive
Overpriced brand. Models ki payment b awaam se nikaalni hoti 👎🏾,overpriced brand models ki payment b awaam se nikaalni hoti,neutral
🔥🔥🔥🔥🔥🔥,,neutral
Amazinggg music  🔥🔥,amazinggg music,neutral
Eid 1 hits different,eid hits different,neutral
So elegant and beautiful prints just love them 😍🙌,elegant beautiful prints love,positive
Beautiful ❤️❤️❤️❤️❤️❤️,beautiful,positive
Ayeza lovely😍😍😍😍,ayeza lovely,positive
Nice,nice,positive
Please no chiffon or silk dupatta!! There should be an option to choose dupatta fabrix,please chiffon silk dupatta option choose dupatta fabrix,neutral
No silk duppata,silk duppata,neutral
Waiting,waiting,neutral
Voil dophta plz no chafon dophta no silk,voil dophta plz chafon dophta silk,neutral
waiting 😍❤️❤️,waiting,neutral
Sooo amazing 😍,sooo amazing,positive
Amazing,amazing,positive
🔥,,neutral
Please no silk dupatta,please silk dupatta,neutral
So Nice  but sharts length long,nice sharts length long,positive
Beautiful collection ❤️,beautiful collection,positive
Price,price,neutral
What kind of colors are these 🤮🤮,kind colors,positive
Please no chiffon or silk dupta there should be an option to choose dupta fabric,please chiffon silk dupta option choose dupta fabric,neutral
"Please no chiffon, organza or silk dupattas!! 💯 Agreed to fatimatabassum 161",please chiffon organza silk dupattas agreed fatimatabassum,neutral
🫡🔥,,neutral
Amazing ❤️,amazing,positive
Jo 3.4 show o ry wo to achy ni .plz achy coolrs with voile dupta launch krn plz,jo show ry wo achy ni plz achy coolrs voile dupta launch krn plz,neutral
Please share the catalogue,please share catalogue,neutral
No silk or chifoon duptta plz,silk chifoon duptta plz,neutral
Hi! This article is part of the newly launched collection and will be available for purchase soon! Please stay tuned with us.,hi article part newly launched collection available purchase soon please stay tuned us,positive
OMG 😳,omg,neutral
Gorgeous,gorgeous,positive
Beautiful,beautiful,positive
Ayeza😍😍,ayeza,neutral
amazing background voice,amazing background voice,positive
Fake brand,fake brand,negative
"Truly, A Versatile Actress of this generation 🙌 🙏 Queen Ayeza khan 😘 👑 😇 🙏""tasmianabeel",truly versatile actress generation queen ayeza khan tasmianabeel,neutral
❤️,,neutral
😍,,neutral
❤️🙌🔥,,neutral
❤️🙌🔥,,neutral
💚💚💚💚💚,,neutral
❤️❤️,,neutral
When will Eid edition be launched?,eid edition launched,neutral
Pp 2nd dress,pp nd dress,neutral
3 price,price,neutral
🙌❤️,,neutral
❤️,,neutral
Price ??,price,neutral
Price,price,neutral
Price of 4th one?,price th one,neutral
Dress mgwaye thy sale me abi tk nai aen.,dress mgwaye thy sale abi tk nai aen,neutral
Black price,black price,negative
Price,price,neutral
Price,price,neutral
Phla wale chezaaa tu bhj wa da naaa pir bad ma new lunch karaaa,phla wale chezaaa tu bhj wa da naaa pir bad new lunch karaaa,negative
Ham na perfumes mangway ta sale ma abe tak nahi ayyyyyyy kab ay gaaaa,ham na perfumes mangway ta sale abe tak nahi ayyyyyyy kab ay gaaaa,neutral
Prices.?,prices,neutral
Are you going to offer any sale on mother's day,going offer sale mothers day,neutral
price,price,neutral
Black price,black price,negative
pp,pp,neutral
Pp??,pp,neutral
Pp,pp,neutral
Pp,pp,neutral
Worst customer service ever,worst customer service ever,negative
Shame on you,shame,neutral
🙌,,neutral
2nd 1,nd,neutral
"Beautiful ❤️""romanaaslam734",beautiful romanaaslam,positive
🙌,,neutral
❤️,,neutral
💚💚💚💚💚,,neutral
.nice colour 😍,nice colour,positive
❤️❤️,,neutral
Price,price,neutral
Pirce,pirce,neutral
Excuse me price,excuse price,neutral
Aoa plz rply me in inbox msges,aoa plz rply inbox msges,neutral
Price,price,neutral
Sapphire ka yeh clr SB Sy ZaDa attractive h 🔥😍,sapphire ka yeh clr sb sy zada attractive h,positive
Pp,pp,neutral
Fabric,fabric,neutral
So beautiful 😍😍😍,beautiful,positive
Price,price,neutral
Price?,price,neutral
Size chart plz,size chart plz,neutral
Price,price,neutral
Price please,price please,neutral
Check your dm,check dm,neutral
Pp,pp,neutral
How much,much,positive
Price,price,neutral
Size?,size,neutral
Peruse plz,peruse plz,neutral
"Pp""_eatandslayyyy",ppeatandslayyyy,neutral
Link?,link,neutral
❤️,,neutral
Price koi insno wali rkha kren ap log kay har koi afford kar sakhy dress na ho gy diamond work ho gya in pay ajeeb nonsense,price koi insno wali rkha kren ap log kay har koi afford kar sakhy dress na ho gy diamond work ho gya pay ajeeb nonsense,neutral
Ethnic part 2 😂,ethnic part,neutral
Proce,proce,neutral
Bohat Pyaary Hain but aisy fresh designs unstiched mey Kun ni aaaty,bohat pyaary hain aisy fresh designs unstiched mey kun ni aaaty,positive
Price plz unstich me mil jay ga dress?,price plz unstich mil jay ga dress,neutral
Link?,link,neutral
Bottom ke detail??,bottom ke detail,neutral
Wheres the bottom,wheres bottom,neutral
Why are these types of prints not available in unstitched form?,types prints available unstitched form,positive
Check your dm please,check dm please,neutral
🤍🤍💕 prettiest,prettiest,neutral
Pp,pp,neutral
"Pp?""tasmianabeel",pptasmianabeel,neutral
❤️,,neutral
😍,,neutral
❤️🙌🔥,,neutral
❤️🙌🔥,,neutral
💚💚💚💚💚,,neutral
❤️❤️,,neutral
When will Eid edition be launched?,eid edition launched,neutral
Pp 2nd dress,pp nd dress,neutral
3 price,price,neutral
🙌❤️,,neutral
❤️,,neutral
Price of 4th one?,price th one,neutral
Price,price,neutral
Price ??,price,neutral
Dress mgwaye thy sale me abi tk nai aen.,dress mgwaye thy sale abi tk nai aen,neutral
Black price,black price,negative
Price,price,neutral
Price,price,neutral
Phla wale chezaaa tu bhj wa da naaa pir bad ma new lunch karaaa,phla wale chezaaa tu bhj wa da naaa pir bad new lunch karaaa,negative
Ham na perfumes mangway ta sale ma abe tak nahi ayyyyyyy kab ay gaaaa,ham na perfumes mangway ta sale abe tak nahi ayyyyyyy kab ay gaaaa,neutral
Prices.?,prices,neutral
Are you going to offer any sale on mother's day,going offer sale mothers day,neutral
price,price,neutral
Black price,black price,negative
pp,pp,neutral
Pp??,pp,neutral
Pp,pp,neutral
Pp,pp,neutral
Worst customer service ever,worst customer service ever,negative
Shame on you,shame,neutral
🙌,,neutral
2nd 1,nd,neutral
"Beautiful ❤️""tanish_vibess",beautiful tanishvibess,positive
Cosmetic kab ay ga website py?,cosmetic kab ay ga website py,neutral
Daska city me shop open karaen,daska city shop open karaen,neutral
Daska main b open krein,daska main b open krein,neutral
Please so answer my query in dm,please answer query dm,neutral
Price?,price,neutral
In se to acha eid volume k prints e restock kr dety..whi kuch better thy.,se acha eid volume k prints e restock kr detywhi kuch better thy,positive
5 suits and 1 perfume,suits perfume,neutral
Price,price,neutral
Why you guys are not responding???,guys responding,neutral
pp,pp,neutral
Price plz,price plz,neutral
Pp,pp,neutral
New collection kab ai gii,new collection kab ai gii,positive
Amazing 😍❤️,amazing,positive
2500 two piece,two piece,neutral
ya two piece hai without trouser,ya two piece hai without trouser,neutral
Awesome,awesome,positive
Pp,pp,neutral
Price,price,neutral
iski price 2590,iski price,neutral
They launch same prints like 2023 prints,launch prints like prints,neutral
Can u PLEASE see ur DMS... It's urgent!!,u please see ur dms urgent,neutral
Price,price,neutral
"Like I said I messaged u.. Few days ago I ordered 3 shirts but accidentally ordered bigger sizes.. So I need to exchange them really quick..""fouzia_waheed_deaf",like said messaged u days ago ordered shirts accidentally ordered bigger sizes need exchange really quickfouziawaheeddeaf,neutral
Price plzz,price plzz,neutral
👏,,neutral
❤️,,neutral
Ye print khaddi ka k hai purana,ye print khaddi ka k hai purana,neutral
Nice 😍,nice,positive
Not refunding my money since December 14k+ pkr,refunding money since december k pkr,neutral
Worst experience with Sapphire,worst experience sapphire,negative
Apnaa toh Aap even shopper tak Free nai daithy or logoun k Hazaaaro kaa koi farq nai parhta,apnaa toh aap even shopper tak free nai daithy logoun k hazaaaro kaa koi farq nai parhta,positive
Price,price,neutral
Price,price,neutral
Pp,pp,neutral
Piece,piece,neutral
Pp,pp,neutral
🔥🔥,,neutral
Be a voice not an echo🙂,voice echo,neutral
Nice,nice,positive
😍,,neutral
Why is no one responding in your dms,one responding dms,neutral
Come,come,neutral
Kindly respond to my complaint via mail n inbox,kindly respond complaint via mail n inbox,positive
It's been 3 days tell me to exchange it from ur outlet if u cant help me in any other way,days tell exchange ur outlet u cant help way,neutral
Hello i am not getting ur reply,hello getting ur reply,neutral
I wanna exchange the purchased article,wanna exchange purchased article,neutral
Doosry brands valay boht easily return nd exchange krdyty hai,doosry brands valay boht easily return nd exchange krdyty hai,positive
Price,price,neutral
😍😍😍😍😍😍💜💜💜💜,,neutral
😍😍😍😍😍😍💜💜💜💜,,neutral
"Zara""enchantress234",zaraenchantress,neutral
price plzzzzzzzz,price plzzzzzzzz,neutral
Price,price,neutral
Price,price,neutral
Price?,price,neutral
Not available for USA customers?,available usa customers,positive
Terrible customer service,terrible customer service,negative
"Team Sapphire, Reached out to you via DMs due to a wrong delivery. Can you look into it",team sapphire reached via dms due wrong delivery look,negative
Hello. Kindly check DM.,hello kindly check dm,positive
Adorable,adorable,positive
Phly pichla issue tou resolve krdn,phly pichla issue tou resolve krdn,neutral
Not available on site ... why?,available site,positive
Hi online dresses ordered kiye ak me koi patch ni  nikly...so how to complain ya exchange ??,hi online dresses ordered kiye ak koi patch ni niklyso complain ya exchange,neutral
Price,price,neutral
when you deliever my parcel,deliever parcel,neutral
Hi I want shalwar with shirt but it's not available😢,hi want shalwar shirt available,positive
Resolve my issue plz... chk your indox,resolve issue plz chk indox,neutral
Bad customer service,bad customer service,negative
Pp,pp,neutral
Clr😍,clr,neutral
"I bought online recently and there is a fault in shawl .. aap Nai dupate ke two parts join ke hai stiching Green dhagey sai ke hai aur shawl purple hai and price of outfit is 5600 …. Very sad""tas_qay",bought online recently fault shawl aap nai dupate ke two parts join ke hai stiching green dhagey sai ke hai aur shawl purple hai price outfit sadtasqay,neutral
Aik bhe payaray nae sapphire quality down 😢😢😢😢,aik bhe payaray nae sapphire quality,neutral
Online to nh arahy ye sb,online nh arahy ye sb,neutral
What happened????change ur designer plz all old fashioned n boring prints every year,happenedchange ur designer plz old fashioned n boring prints every year,negative
🔥,,neutral
Colours b boht ajeeb sy hain fzool,colours b boht ajeeb sy hain fzool,neutral
Unstiche dress ki length pori dya kry 50 lenght shirt ki honi chahye or patches motifz width length pori dya kry,unstiche dress ki length pori dya kry lenght shirt ki honi chahye patches motifz width length pori dya kry,neutral
New launch a gai,new launch gai,positive
Itny gndy prints,itny gndy prints,neutral
Online nai hn,online nai hn,neutral
Nice 😍😍,nice,positive
Wowww,wowww,neutral
Too noraml,noraml,neutral
Plz sapphire unstitch lawn ke kapro ki price kam rakhen,plz sapphire unstitch lawn ke kapro ki price kam rakhen,neutral
Lawn ke new prints kab aayenge,lawn ke new prints kab aayenge,positive
"Extremely disappointed with the customer service.""aqsamalik6.1991",extremely disappointed customer serviceaqsamalik,negative
Beautiful,beautiful,positive
Price,price,neutral
😍😍,,neutral
Price,price,neutral
Price,price,neutral
Restock this article this article please?,restock article article please,neutral
Price please,price please,neutral
Price,price,neutral
Price bta den,price bta den,neutral
Price,price,neutral
out of stock,stock,neutral
Pp,pp,neutral
Price,price,neutral
price,price,neutral
Price,price,neutral
Notify me,notify,neutral
Price,price,neutral
Price????,price,neutral
Price,price,neutral
Price,price,neutral
Price,price,neutral
Price?,price,neutral
Online to ya article sold out hy,online ya article sold hy,neutral
Please restock this,please restock,neutral
Price please,price please,neutral
Dress kitne days Mai hota h receive,dress kitne days mai hota h receive,neutral
Price,price,neutral
Price,price,neutral
Pp,pp,neutral
nice,nice,positive
Price,price,neutral
Pp,pp,neutral
Pp,pp,neutral
Restock ??,restock,neutral
Code sahi dia hi ni hta tim wasted,code sahi dia hi ni hta tim wasted,negative
Price,price,neutral
Price,price,neutral
Pp,pp,neutral
Pp,pp,neutral
Pr,pr,neutral
Uski prize,uski prize,neutral
Price,price,neutral
PRICE,price,neutral
Price,price,neutral
price?,price,neutral
price plz,price plz,neutral
Is py koi off nahe laga kia??,py koi nahe laga kia,neutral
❤️❤️❤️,,neutral
Sale date?,sale date,neutral
Nice print 🔥🔥🔥🔥,nice print,positive
❤️,,neutral
❤️,,neutral
How much???,much,positive
Book from us❤️❤️❤️,book us,neutral
❤️❤️❤️❤️❤️❤️❤️ nice color,nice color,positive
Price,price,neutral
Kindly restock this,kindly restock,positive
Price,price,neutral
Price,price,neutral
Ye Jan boj kar out of stock Kiya tum logo ne hannah chalak sapphire sale par ni lana tha,ye jan boj kar stock kiya tum logo ne hannah chalak sapphire sale par ni lana tha,neutral
😍pp,pp,neutral
Price,price,neutral
Pric,pric,neutral
Online abi b out of stock aa raha hai ?,online abi b stock aa raha hai,neutral
Price,price,neutral
Off ha is pr,ha pr,neutral
Pp,pp,neutral
Prize,prize,neutral
"Pp""unnisa67",ppunnisa,neutral
Love this print,love print,positive
Price plz,price plz,neutral
Price plz,price plz,neutral
Can you please share the catalogue?,please share catalogue,neutral
It's already on the website..and few articles sold out 😕 I need them back!! You guys put wrong date of launch,already websiteand articles sold need back guys put wrong date launch,negative
Catalogue please,catalogue please,neutral
Cant wait to stitch these❤️,cant wait stitch,neutral
Hi. Will there be mother day sale on sapphire?,hi mother day sale sapphire,neutral
price ?,price,neutral
Can I pre booking,pre booking,neutral
price,price,neutral
Whats wrong with your website sapphire??,whats wrong website sapphire,negative
Link kahan hai shopping ke liye,link kahan hai shopping ke liye,neutral
Reply Karen koi 😢,reply karen koi,neutral
Pp,pp,neutral
"I’m a smart person, I just do stupid things 🔥😸",im smart person stupid things,negative
Beautiful 😍❤️,beautiful,positive
